fhour,foco,lat,lon,tipo_foco,estado,viento_kt,dir_deg,viento_comp,temp_c,rh,pr,pbl,major_m,minor_m,nivel,orografia_tipo,d_foco_humedal_m,d_target_humedal_m,d_foco_ruta_m,d_target_ruta_m,d_foco_agua_m,d_target_agua_m,score_foco_humedal,score_target_humedal,score_foco_ruta,score_target_ruta,score_foco_agua,score_target_agua,score_eco,dist_km,score_dist,score_foco,score_estado,score_transporte,score_rh,score_pr,score_temp,score_pbl,score_persist,score_orografia,eco_bonus,score_total
0,Bollenar,-33.6,-71.1,traspatio,activo,7.16465900491237,56.830672792680275,NE,21.28656005859375,46.70000076293945,0.0,939.8334350585938,12593.01241486325,8199.1589786811,BAJO,VALLE,,,,,,,0.4,0.4,0.4,0.4,0.4,0.4,0.4,10.674212274874577,0.65,0.6,1.0,0.30000000000000004,0.45,1.0,1.0,0.75,0.785,0.7628371059894561,0.0,0.5356748110008239
0,Talagante,-33.66,-70.93,industrial,activo,7.84700284341773,99.17139360786013,E,21.386566162109375,43.20000076293945,0.0,833.9134521484375,13268.532814983553,8443.78736045085,MEDIO,INTERMEDIO,,,,,,,0.4,0.4,0.4,0.4,0.4,0.4,0.4,12.39543007434001,0.65,1.0,1.0,0.21000000000000002,0.45,1.0,1.0,0.75,0.785,0.49669439271092414,0.0,0.5600627073035241
3,Bollenar,-33.6,-71.1,traspatio,activo,7.69435934982876,47.89752121082665,NE,17.392059326171875,59.70000076293945,0.0,616.0909423828125,13117.415756330474,7950.7771235654745,MEDIO,VALLE,,,,,,,0.4,0.4,0.4,0.4,0.4,0.4,0.4,10.674212274874577,0.65,0.6,1.0,0.30000000000000004,0.75,1.0,1.0,1.0,0.925,0.7628371059894561,0.0,0.554994811000824
3,Talagante,-33.66,-70.93,industrial,activo,7.903715597827708,96.86626568228934,E,16.79205322265625,60.79999923706055,0.0,465.7709655761719,13377.977104787216,7893.006491824459,MEDIO,INTERMEDIO,,,,,,,0.4,0.4,0.4,0.4,0.4,0.4,0.4,12.39543007434001,0.65,1.0,1.0,0.21000000000000002,0.75,1.0,1.0,1.0,0.925,0.49669439271092414,0.0,0.5793827073035241
6,Bollenar,-33.6,-71.1,traspatio,activo,4.2966602553441895,70.776610031225,E,12.36614990234375,82.0999984741211,0.0,148.49497985839844,10831.476727009347,6390.571268935516,MEDIO,VALLE,,,,,,,0.4,0.4,0.4,0.4,0.4,0.4,0.4,10.674212274874577,0.65,0.6,1.0,0.35000000000000003,1.0,1.0,1.0,1.0,1.0,0.7628371059894561,0.0,0.573624811000824
6,Talagante,-33.66,-70.93,industrial,activo,3.9309783601600765,80.95912468815254,E,12.046173095703125,83.5,0.0,136.9749755859375,10495.189634304097,6192.161884239418,MEDIO,INTERMEDIO,,,,,,,0.4,0.4,0.4,0.4,0.4,0.4,0.4,12.39543007434001,0.65,1.0,1.0,0.11000000000000001,1.0,1.0,1.0,1.0,1.0,0.49669439271092414,0.0,0.5731727073035241
9,Bollenar,-33.6,-71.1,traspatio,activo,2.9086796178009346,76.84906911916175,E,10.873748779296875,90.0999984741211,0.0,124.83638763427734,9640.721477345956,5688.025671634115,MEDIO,VALLE,,,,,,,0.4,0.4,0.4,0.4,0.4,0.4,0.4,10.674212274874577,0.65,0.6,1.0,0.35000000000000003,1.0,1.0,1.0,1.0,1.0,0.7628371059894561,0.0,0.573624811000824
9,Talagante,-33.66,-70.93,industrial,activo,3.183798715772427,88.23502048207638,E,10.07373046875,94.19999694824219,0.0,61.23638916015625,10131.445881189375,5977.553069901732,MEDIO,INTERMEDIO,,,,,,,0.4,0.4,0.4,0.4,0.4,0.4,0.4,12.39543007434001,0.65,1.0,1.0,0.11000000000000001,1.0,1.0,1.0,1.0,1.0,0.49669439271092414,0.0,0.5731727073035241
12,Bollenar,-33.6,-71.1,traspatio,activo,1.6020383076441245,26.8632040946095,NE,11.150054931640625,87.69999694824219,0.0,179.48684692382812,8067.4312989962555,4759.784466407791,BAJO,VALLE,,,,,,,0.4,0.4,0.4,0.4,0.4,0.4,0.4,10.674212274874577,0.65,0.6,1.0,0.11000000000000001,1.0,1.0,1.0,1.0,1.0,0.7628371059894561,0.0,0.533880811000824
12,Talagante,-33.66,-70.93,industrial,activo,1.1421352509856537,5.117222753562999,N,9.850067138671875,93.69999694824219,0.0,81.00684356689453,7747.989089192306,4571.313562623461,MEDIO,INTERMEDIO,,,,,,,0.4,0.4,0.4,0.4,0.4,0.4,0.4,12.39543007434001,0.65,1.0,1.0,0.2,1.0,1.0,1.0,1.0,1.0,0.49669439271092414,0.0,0.5880767073035241
15,Bollenar,-33.6,-71.1,traspatio,activo,0.4435996855001873,35.07301743328679,NE,10.74884033203125,88.30000305175781,0.0,46.23880386352539,6779.555441212925,3999.937710315626,BAJO,VALLE,,,,,,,0.4,0.4,0.4,0.4,0.4,0.4,0.4,10.674212274874577,0.65,0.6,1.0,0.11000000000000001,1.0,1.0,1.0,1.0,1.0,0.7628371059894561,0.0,0.533880811000824
15,Talagante,-33.66,-70.93,industrial,activo,0.8637636754719231,336.26367876548915,NW,9.348846435546875,94.0,0.0,11.678803443908691,7435.497465299128,4386.943504526486,MEDIO,INTERMEDIO,,,,,,,0.4,0.4,0.4,0.4,0.4,0.4,0.4,12.39543007434001,0.65,1.0,1.0,0.35000000000000003,1.0,1.0,1.0,1.0,1.0,0.49669439271092414,0.0,0.6129167073035241
18,Bollenar,-33.6,-71.1,traspatio,activo,0.4571443681171274,270.78575337945927,W,10.9703369140625,87.5,0.0,86.41162109375,6771.0517015459,3994.9205039120816,BAJO,VALLE,,,,,,,0.4,0.4,0.4,0.4,0.4,0.4,0.4,10.674212274874577,0.65,0.6,1.0,0.2,1.0,1.0,1.0,1.0,1.0,0.7628371059894561,0.0,0.548784811000824
18,Talagante,-33.66,-70.93,industrial,activo,1.213342021560117,3.200228954238014,N,10.9703369140625,85.5,0.0,63.691619873046875,7555.6126980159415,4457.811491829406,MEDIO,INTERMEDIO,,,,,,,0.4,0.4,0.4,0.4,0.4,0.4,0.4,12.39543007434001,0.65,1.0,1.0,0.2,1.0,1.0,1.0,1.0,1.0,0.49669439271092414,0.0,0.5880767073035241
21,Bollenar,-33.6,-71.1,traspatio,activo,4.4807812210385505,61.98639034386798,NE,17.66741943359375,58.0,0.0,594.4049682617188,9935.973408828166,5992.502818751633,BAJO,VALLE,,,,,,,0.4,0.4,0.4,0.4,0.4,0.4,0.4,10.674212274874577,0.65,0.6,1.0,0.2,0.75,1.0,1.0,1.0,0.925,0.7628371059894561,0.0,0.538434811000824
21,Talagante,-33.66,-70.93,industrial,activo,5.95294564415645,115.892474136928,SE,17.9674072265625,55.29999923706055,0.0,591.2050170898438,11393.416187714885,6866.440094934039,MEDIO,INTERMEDIO,,,,,,,0.4,0.4,0.4,0.4,0.4,0.4,0.4,12.39543007434001,0.65,1.0,1.0,0.21000000000000002,0.75,1.0,1.0,1.0,0.925,0.49669439271092414,0.0,0.5793827073035241
24,Bollenar,-33.6,-71.1,traspatio,activo,4.545358604224108,43.99312423240718,NE,22.247283935546875,40.900001525878906,0.0,933.6378173828125,9999.90501818187,6502.212986577279,BAJO,VALLE,,,,,,,0.4,0.4,0.4,0.4,0.4,0.4,0.4,10.674212274874577,0.65,0.6,1.0,0.2,0.45,1.0,0.8,0.75,0.755,0.7628371059894561,0.0,0.5149748110008239
24,Talagante,-33.66,-70.93,industrial,activo,6.36221902552195,108.48525177983771,E,22.617279052734375,38.400001525878906,0.0,894.4378051757812,11798.596835266731,7607.534999454113,MEDIO,INTERMEDIO,,,,,,,0.4,0.4,0.4,0.4,0.4,0.4,0.4,12.39543007434001,0.65,1.0,1.0,0.21000000000000002,0.45,1.0,0.8,0.75,0.755,0.49669439271092414,0.0,0.5559227073035241
27,Bollenar,-33.6,-71.1,traspatio,activo,6.344326220021964,54.36347058362526,NE,22.954345703125,37.70000076293945,0.0,833.7723388671875,11780.882957821745,7496.85050883049,BAJO,VALLE,,,,,,,0.4,0.4,0.4,0.4,0.4,0.4,0.4,10.674212274874577,0.65,0.6,1.0,0.30000000000000004,0.45,1.0,0.8,0.75,0.755,0.7628371059894561,0.0,0.5315348110008239
27,Talagante,-33.66,-70.93,industrial,activo,6.531328515185494,97.32459054809436,E,22.854339599609375,36.099998474121094,0.0,787.7723388671875,11966.015230033641,7538.211234284734,MEDIO,INTERMEDIO,,,,,,,0.4,0.4,0.4,0.4,0.4,0.4,0.4,12.39543007434001,0.65,1.0,1.0,0.21000000000000002,0.45,1.0,0.8,0.75,0.755,0.49669439271092414,0.0,0.5559227073035241
30,Bollenar,-33.6,-71.1,traspatio,activo,4.301061918004511,87.87099015004839,E,12.82464599609375,75.5999984741211,0.0,58.80849838256836,10519.179225684751,6206.315743154004,MEDIO,VALLE,,,,,,,0.4,0.4,0.4,0.4,0.4,0.4,0.4,10.674212274874577,0.65,0.6,1.0,0.35000000000000003,1.0,1.0,1.0,1.0,1.0,0.7628371059894561,0.0,0.573624811000824
30,Talagante,-33.66,-70.93,industrial,activo,4.313675137679327,82.69416631762391,E,12.3846435546875,76.19999694824219,0.0,32.00849914550781,10561.951846506456,6231.55158943881,MEDIO,INTERMEDIO,,,,,,,0.4,0.4,0.4,0.4,0.4,0.4,0.4,12.39543007434001,0.65,1.0,1.0,0.11000000000000001,1.0,1.0,1.0,1.0,1.0,0.49669439271092414,0.0,0.5731727073035241
33,Bollenar,-33.6,-71.1,traspatio,activo,2.1886402434826184,82.09939371419188,E,11.050018310546875,83.9000015258789,0.0,36.540035247802734,8582.930983545693,5063.92928029196,MEDIO,VALLE,,,,,,,0.4,0.4,0.4,0.4,0.4,0.4,0.4,10.674212274874577,0.65,0.6,1.0,0.35000000000000003,1.0,1.0,1.0,1.0,1.0,0.7628371059894561,0.0,0.573624811000824
33,Talagante,-33.66,-70.93,industrial,activo,2.0996201668873216,63.3333641362899,NE,10.649993896484375,84.0999984741211,0.0,11.420036315917969,8491.848095206959,5010.190376172106,MEDIO,INTERMEDIO,,,,,,,0.4,0.4,0.4,0.4,0.4,0.4,0.4,12.39543007434001,0.65,1.0,1.0,0.11000000000000001,1.0,1.0,1.0,1.0,1.0,0.49669439271092414,0.0,0.5731727073035241
36,Bollenar,-33.6,-71.1,traspatio,activo,0.7275229755622447,113.90499811851862,SE,9.96044921875,88.9000015258789,0.0,26.663190841674805,7119.0735925324025,4200.253419594118,MEDIO,VALLE,,,,,,,0.4,0.4,0.4,0.4,0.4,0.4,0.4,10.674212274874577,0.65,0.6,1.0,0.53,1.0,1.0,1.0,1.0,1.0,0.7628371059894561,0.0,0.603432811000824
36,Talagante,-33.66,-70.93,industrial,activo,0.19861973416227907,90.93232445695736,E,9.96044921875,87.19999694824219,0.0,10.343191146850586,6471.375610904536,3818.111610433677,MEDIO,INTERMEDIO,,,,,,,0.4,0.4,0.4,0.4,0.4,0.4,0.4,12.39543007434001,0.65,1.0,1.0,0.11000000000000001,1.0,1.0,1.0,1.0,1.0,0.49669439271092414,0.0,0.5731727073035241
39,Bollenar,-33.6,-71.1,traspatio,activo,0.5543189987719978,248.85225746979108,W,9.838958740234375,87.4000015258789,0.0,17.107097625732422,6877.458140736221,4057.7003030343712,BAJO,VALLE,,,,,,,0.4,0.4,0.4,0.4,0.4,0.4,0.4,10.674212274874577,0.65,0.6,1.0,0.2,1.0,1.0,1.0,1.0,1.0,0.7628371059894561,0.0,0.548784811000824
39,Talagante,-33.66,-70.93,industrial,activo,1.077198463461432,317.27848455024014,NW,9.838958740234375,86.0999984741211,0.0,10.387097358703613,7423.34508421586,4379.773599687358,MEDIO,INTERMEDIO,,,,,,,0.4,0.4,0.4,0.4,0.4,0.4,0.4,12.39543007434001,0.65,1.0,1.0,0.35000000000000003,1.0,1.0,1.0,1.0,1.0,0.49669439271092414,0.0,0.6129167073035241
42,Bollenar,-33.6,-71.1,traspatio,activo,0.7859206140440618,341.89349322470383,N,12.038543701171875,76.4000015258789,0.0,46.106689453125,6792.862491249526,4007.788869837221,BAJO,VALLE,,,,,,,0.4,0.4,0.4,0.4,0.4,0.4,0.4,10.674212274874577,0.65,0.6,1.0,0.11000000000000001,1.0,1.0,1.0,1.0,1.0,0.7628371059894561,0.0,0.533880811000824
42,Talagante,-33.66,-70.93,industrial,activo,0.9080688537152077,17.998423626710633,N,12.038543701171875,73.80000305175781,0.0,36.58668899536133,6840.518446216153,4035.905883267531,MEDIO,INTERMEDIO,,,,,,,0.4,0.4,0.4,0.4,0.4,0.4,0.4,12.39543007434001,0.65,1.0,1.0,0.11000000000000001,1.0,1.0,1.0,1.0,1.0,0.49669439271092414,0.0,0.5731727073035241
45,Bollenar,-33.6,-71.1,traspatio,activo,2.3101626210052553,14.962396204063339,N,19.556488037109375,47.79999923706055,0.0,490.7908630371094,7787.060994795203,4594.3659869291705,BAJO,VALLE,,,,,,,0.4,0.4,0.4,0.4,0.4,0.4,0.4,10.674212274874577,0.65,0.6,1.0,0.11000000000000001,0.45,1.0,1.0,1.0,0.835,0.7628371059894561,0.0,0.5111108110008239
45,Talagante,-33.66,-70.93,industrial,activo,4.2830186077495584,117.92393887774551,SE,19.95648193359375,44.099998474121094,0.0,537.8308715820312,9740.188421672063,5797.888921198332,MEDIO,INTERMEDIO,,,,,,,0.4,0.4,0.4,0.4,0.4,0.4,0.4,12.39543007434001,0.65,1.0,1.0,0.11000000000000001,0.45,1.0,1.0,1.0,0.835,0.49669439271092414,0.0,0.550402707303524
48,Bollenar,-33.6,-71.1,traspatio,activo,6.693443847728342,58.11181825337678,NE,22.859100341796875,37.29999923706055,0.0,898.20556640625,12126.509409251059,7825.313266436117,BAJO,VALLE,,,,,,,0.4,0.4,0.4,0.4,0.4,0.4,0.4,10.674212274874577,0.65,0.6,1.0,0.30000000000000004,0.45,1.0,0.8,0.75,0.755,0.7628371059894561,0.0,0.5315348110008239
48,Talagante,-33.66,-70.93,industrial,activo,7.515477572366939,102.56300429246141,E,23.759124755859375,32.900001525878906,0.0,951.1655883789062,12940.322796643271,8445.655498402939,MEDIO,INTERMEDIO,,,,,,,0.4,0.4,0.4,0.4,0.4,0.4,0.4,12.39543007434001,0.65,1.0,1.0,0.21000000000000002,0.45,1.0,0.8,0.75,0.755,0.49669439271092414,0.0,0.5559227073035241
51,Bollenar,-33.6,-71.1,traspatio,activo,5.745657913352588,65.171194352018,NE,22.291229248046875,33.900001525878906,0.0,765.2024536132812,11188.201334219064,7013.14134904401,BAJO,VALLE,,,,,,,0.4,0.4,0.4,0.4,0.4,0.4,0.4,10.674212274874577,0.65,0.6,1.0,0.30000000000000004,0.45,1.0,0.8,0.75,0.755,0.7628371059894561,0.0,0.5315348110008239
51,Talagante,-33.66,-70.93,industrial,activo,6.032561042605649,96.63947399466917,E,22.991241455078125,32.099998474121094,0.0,848.9624633789062,11472.235432179596,7324.643840663208,MEDIO,INTERMEDIO,,,,,,,0.4,0.4,0.4,0.4,0.4,0.4,0.4,12.39543007434001,0.65,1.0,1.0,0.21000000000000002,0.45,1.0,0.8,0.75,0.755,0.49669439271092414,0.0,0.5559227073035241
54,Bollenar,-33.6,-71.1,traspatio,activo,3.7897718786196095,77.88889432645226,E,15.581298828125,56.20000076293945,0.0,20.84453010559082,9251.874159833413,5458.605754301714,MEDIO,VALLE,,,,,,,0.4,0.4,0.4,0.4,0.4,0.4,0.4,10.674212274874577,0.65,0.6,1.0,0.35000000000000003,0.75,1.0,1.0,1.0,0.925,0.7628371059894561,0.0,0.563274811000824
54,Talagante,-33.66,-70.93,industrial,activo,3.236071443829788,64.79169261313223,NE,15.181304931640625,54.79999923706055,0.0,12.924529075622559,8703.71072939149,5135.18933034098,MEDIO,INTERMEDIO,,,,,,,0.4,0.4,0.4,0.4,0.4,0.4,0.4,12.39543007434001,0.65,1.0,1.0,0.11000000000000001,0.75,1.0,1.0,1.0,0.925,0.49669439271092414,0.0,0.5628227073035241
57,Bollenar,-33.6,-71.1,traspatio,activo,1.5708055033883705,147.2752124763295,SE,13.2977294921875,70.5,0.0,17.789508819580078,7425.490064393099,4381.039137991929,MEDIO,VALLE,,,,,,,0.4,0.4,0.4,0.4,0.4,0.4,0.4,10.674212274874577,0.65,0.6,1.0,0.6799999999999999,1.0,1.0,1.0,1.0,1.0,0.7628371059894561,0.0,0.628272811000824
57,Talagante,-33.66,-70.93,industrial,activo,0.5162820408713422,63.099312830375766,NE,13.49774169921875,63.20000076293945,0.0,10.509509086608887,6107.297150920631,3603.305319043173,MEDIO,INTERMEDIO,,,,,,,0.4,0.4,0.4,0.4,0.4,0.4,0.4,12.39543007434001,0.65,1.0,1.0,0.11000000000000001,0.75,1.0,1.0,1.0,0.925,0.49669439271092414,0.0,0.5628227073035241
60,Bollenar,-33.6,-71.1,traspatio,activo,0.2083268457097711,114.66620543348319,SE,12.920989990234375,69.30000305175781,0.0,14.54732894897461,5971.58399066529,3523.2345544925215,MEDIO,VALLE,,,,,,,0.4,0.4,0.4,0.4,0.4,0.4,0.4,10.674212274874577,0.65,0.6,1.0,0.53,0.75,1.0,1.0,1.0,0.925,0.7628371059894561,0.0,0.593082811000824
60,Talagante,-33.66,-70.93,industrial,activo,1.0976356841497257,349.5306930609833,N,13.121002197265625,63.599998474121094,0.0,10.54732894897461,6705.219144947555,3956.0792955190577,MEDIO,INTERMEDIO,,,,,,,0.4,0.4,0.4,0.4,0.4,0.4,0.4,12.39543007434001,0.65,1.0,1.0,0.2,0.75,1.0,1.0,1.0,0.925,0.49669439271092414,0.0,0.5777267073035242
63,Bollenar,-33.6,-71.1,traspatio,activo,2.2933065640940162,236.575638422037,SW,12.773956298828125,66.5,0.0,12.269108772277832,8022.910637152801,4733.517275920153,MEDIO,VALLE,,,,,,,0.4,0.4,0.4,0.4,0.4,0.4,0.4,10.674212274874577,0.65,0.6,1.0,0.35000000000000003,0.75,1.0,1.0,1.0,0.925,0.7628371059894561,0.0,0.563274811000824
63,Talagante,-33.66,-70.93,industrial,activo,2.4012661981682877,286.46537695145037,W,12.973968505859375,63.0,0.0,10.509108543395996,7995.412339229403,4717.293280145349,MEDIO,INTERMEDIO,,,,,,,0.4,0.4,0.4,0.4,0.4,0.4,0.4,12.39543007434001,0.65,1.0,1.0,0.6799999999999999,0.75,1.0,1.0,1.0,0.925,0.49669439271092414,0.0,0.6572147073035242
66,Bollenar,-33.6,-71.1,traspatio,activo,3.2333249463905984,240.4328198070632,SW,14.880767822265625,58.20000076293945,0.0,27.283145904541016,8700.991696926694,5133.58510118675,MEDIO,VALLE,,,,,,,0.4,0.4,0.4,0.4,0.4,0.4,0.4,10.674212274874577,0.65,0.6,1.0,0.35000000000000003,0.75,1.0,1.0,1.0,0.925,0.7628371059894561,0.0,0.563274811000824
66,Talagante,-33.66,-70.93,industrial,activo,2.040556918730794,274.327982816838,W,13.98077392578125,59.29999923706055,0.0,25.36314582824707,7520.1513495434865,4436.889296230657,MEDIO,INTERMEDIO,,,,,,,0.4,0.4,0.4,0.4,0.4,0.4,0.4,12.39543007434001,0.65,1.0,1.0,0.6799999999999999,0.75,1.0,1.0,1.0,0.925,0.49669439271092414,0.0,0.6572147073035242
69,Bollenar,-33.6,-71.1,traspatio,activo,2.487592400873503,46.70161848037253,NE,21.500274658203125,38.099998474121094,0.0,483.60821533203125,7962.716476864769,4698.002721350214,BAJO,VALLE,,,,,,,0.4,0.4,0.4,0.4,0.4,0.4,0.4,10.674212274874577,0.65,0.6,1.0,0.2,0.45,1.0,1.0,1.0,0.835,0.7628371059894561,0.0,0.5260148110008239
69,Talagante,-33.66,-70.93,industrial,activo,5.210060175968464,119.5620101356235,SE,22.4002685546875,34.20000076293945,0.0,571.1282348632812,10657.95957420878,6393.485294860638,MEDIO,INTERMEDIO,,,,,,,0.4,0.4,0.4,0.4,0.4,0.4,0.4,12.39543007434001,0.65,1.0,1.0,0.21000000000000002,0.45,1.0,0.8,1.0,0.8049999999999999,0.49669439271092414,0.0,0.5628227073035241
72,Bollenar,-33.6,-71.1,traspatio,activo,5.850485774936692,55.643462727228325,NE,25.551544189453125,28.299999237060547,0.0,960.5062866210938,11291.980917187324,7384.494880136382,BAJO,VALLE,,,,,,,0.4,0.4,0.4,0.4,0.4,0.4,0.4,10.674212274874577,0.65,0.6,1.0,0.30000000000000004,0.2,1.0,0.8,0.75,0.68,0.7628371059894561,0.0,0.5211848110008239
72,Talagante,-33.66,-70.93,industrial,activo,7.140083637990091,102.60304461748069,E,26.551544189453125,24.100000381469727,0.0,1028.746337890625,12485.496593990501,8283.340296123612,BAJO,INTERMEDIO,,,,,,,0.4,0.4,0.4,0.4,0.4,0.4,0.4,12.39543007434001,0.65,1.0,1.0,0.21000000000000002,0.2,1.0,0.8,0.75,0.68,0.49669439271092414,0.0,0.545572707303524
